--
-- PostgreSQL database dump
--

-- Dumped from database version 16.8
-- Dumped by pg_dump version 16.5

SET statement_timeout = 0;
SET lock_timeout = 0;
SET idle_in_transaction_session_timeout = 0;
SET client_encoding = 'UTF8';
SET standard_conforming_strings = on;
SELECT pg_catalog.set_config('search_path', '', false);
SET check_function_bodies = false;
SET xmloption = content;
SET client_min_messages = warning;
SET row_security = off;

ALTER TABLE IF EXISTS ONLY public.vote_kicks DROP CONSTRAINT IF EXISTS vote_kicks_target_player_id_players_id_fk;
ALTER TABLE IF EXISTS ONLY public.vote_kicks DROP CONSTRAINT IF EXISTS vote_kicks_match_id_matches_id_fk;
ALTER TABLE IF EXISTS ONLY public.vote_kicks DROP CONSTRAINT IF EXISTS vote_kicks_initiator_player_id_players_id_fk;
ALTER TABLE IF EXISTS ONLY public.vote_kick_votes DROP CONSTRAINT IF EXISTS vote_kick_votes_vote_kick_id_vote_kicks_id_fk;
ALTER TABLE IF EXISTS ONLY public.vote_kick_votes DROP CONSTRAINT IF EXISTS vote_kick_votes_player_id_players_id_fk;
ALTER TABLE IF EXISTS ONLY public.teams DROP CONSTRAINT IF EXISTS teams_match_id_matches_id_fk;
ALTER TABLE IF EXISTS ONLY public.team_players DROP CONSTRAINT IF EXISTS team_players_team_id_teams_id_fk;
ALTER TABLE IF EXISTS ONLY public.team_players DROP CONSTRAINT IF EXISTS team_players_player_id_players_id_fk;
ALTER TABLE IF EXISTS ONLY public.queue DROP CONSTRAINT IF EXISTS queue_player_id_players_id_fk;
ALTER TABLE IF EXISTS ONLY public.match_votes DROP CONSTRAINT IF EXISTS match_votes_voted_team_id_teams_id_fk;
ALTER TABLE IF EXISTS ONLY public.match_votes DROP CONSTRAINT IF EXISTS match_votes_player_id_players_id_fk;
ALTER TABLE IF EXISTS ONLY public.match_votes DROP CONSTRAINT IF EXISTS match_votes_match_id_matches_id_fk;
ALTER TABLE IF EXISTS ONLY public.vote_kicks DROP CONSTRAINT IF EXISTS vote_kicks_pkey;
ALTER TABLE IF EXISTS ONLY public.vote_kick_votes DROP CONSTRAINT IF EXISTS vote_kick_votes_pkey;
ALTER TABLE IF EXISTS ONLY public.teams DROP CONSTRAINT IF EXISTS teams_pkey;
ALTER TABLE IF EXISTS ONLY public.team_players DROP CONSTRAINT IF EXISTS team_players_team_id_player_id_pk;
ALTER TABLE IF EXISTS ONLY public.queue DROP CONSTRAINT IF EXISTS queue_pkey;
ALTER TABLE IF EXISTS ONLY public.players DROP CONSTRAINT IF EXISTS players_pkey;
ALTER TABLE IF EXISTS ONLY public.players DROP CONSTRAINT IF EXISTS players_discord_id_unique;
ALTER TABLE IF EXISTS ONLY public.matches DROP CONSTRAINT IF EXISTS matches_pkey;
ALTER TABLE IF EXISTS ONLY public.match_votes DROP CONSTRAINT IF EXISTS match_votes_pkey;
ALTER TABLE IF EXISTS public.vote_kicks ALTER COLUMN id DROP DEFAULT;
ALTER TABLE IF EXISTS public.vote_kick_votes ALTER COLUMN id DROP DEFAULT;
ALTER TABLE IF EXISTS public.teams ALTER COLUMN id DROP DEFAULT;
ALTER TABLE IF EXISTS public.queue ALTER COLUMN id DROP DEFAULT;
ALTER TABLE IF EXISTS public.players ALTER COLUMN id DROP DEFAULT;
ALTER TABLE IF EXISTS public.matches ALTER COLUMN id DROP DEFAULT;
ALTER TABLE IF EXISTS public.match_votes ALTER COLUMN id DROP DEFAULT;
DROP SEQUENCE IF EXISTS public.vote_kicks_id_seq;
DROP TABLE IF EXISTS public.vote_kicks;
DROP SEQUENCE IF EXISTS public.vote_kick_votes_id_seq;
DROP TABLE IF EXISTS public.vote_kick_votes;
DROP SEQUENCE IF EXISTS public.teams_id_seq;
DROP TABLE IF EXISTS public.teams;
DROP TABLE IF EXISTS public.team_players;
DROP SEQUENCE IF EXISTS public.queue_id_seq;
DROP TABLE IF EXISTS public.queue;
DROP SEQUENCE IF EXISTS public.players_id_seq;
DROP TABLE IF EXISTS public.players;
DROP SEQUENCE IF EXISTS public.matches_id_seq;
DROP TABLE IF EXISTS public.matches;
DROP SEQUENCE IF EXISTS public.match_votes_id_seq;
DROP TABLE IF EXISTS public.match_votes;
SET default_tablespace = '';

SET default_table_access_method = heap;

--
-- Name: match_votes; Type: TABLE; Schema: public; Owner: -
--

CREATE TABLE public.match_votes (
    id integer NOT NULL,
    match_id integer NOT NULL,
    player_id integer NOT NULL,
    voted_team_id integer NOT NULL,
    created_at timestamp without time zone DEFAULT now() NOT NULL
);


--
-- Name: match_votes_id_seq; Type: SEQUENCE; Schema: public; Owner: -
--

CREATE SEQUENCE public.match_votes_id_seq
    AS integer
    START WITH 1
    INCREMENT BY 1
    NO MINVALUE
    NO MAXVALUE
    CACHE 1;


--
-- Name: match_votes_id_seq; Type: SEQUENCE OWNED BY; Schema: public; Owner: -
--

ALTER SEQUENCE public.match_votes_id_seq OWNED BY public.match_votes.id;


--
-- Name: matches; Type: TABLE; Schema: public; Owner: -
--

CREATE TABLE public.matches (
    id integer NOT NULL,
    status text NOT NULL,
    created_at timestamp without time zone DEFAULT now() NOT NULL,
    finished_at timestamp without time zone,
    winning_team_id integer,
    channel_id text,
    category_id text
);


--
-- Name: matches_id_seq; Type: SEQUENCE; Schema: public; Owner: -
--

CREATE SEQUENCE public.matches_id_seq
    AS integer
    START WITH 1
    INCREMENT BY 1
    NO MINVALUE
    NO MAXVALUE
    CACHE 1;


--
-- Name: matches_id_seq; Type: SEQUENCE OWNED BY; Schema: public; Owner: -
--

ALTER SEQUENCE public.matches_id_seq OWNED BY public.matches.id;


--
-- Name: players; Type: TABLE; Schema: public; Owner: -
--

CREATE TABLE public.players (
    id integer NOT NULL,
    discord_id text NOT NULL,
    username text NOT NULL,
    discriminator text NOT NULL,
    avatar text,
    mmr integer DEFAULT 1000 NOT NULL,
    wins integer DEFAULT 0 NOT NULL,
    losses integer DEFAULT 0 NOT NULL,
    win_streak integer DEFAULT 0 NOT NULL,
    loss_streak integer DEFAULT 0 NOT NULL,
    is_active boolean DEFAULT true NOT NULL,
    created_at timestamp without time zone DEFAULT now() NOT NULL,
    placement_matches_played integer DEFAULT 0 NOT NULL,
    placement_matches_complete boolean DEFAULT false NOT NULL,
    season_id integer DEFAULT 1 NOT NULL,
    xbox_gamertag text,
    xuid text
);


--
-- Name: players_id_seq; Type: SEQUENCE; Schema: public; Owner: -
--

CREATE SEQUENCE public.players_id_seq
    AS integer
    START WITH 1
    INCREMENT BY 1
    NO MINVALUE
    NO MAXVALUE
    CACHE 1;


--
-- Name: players_id_seq; Type: SEQUENCE OWNED BY; Schema: public; Owner: -
--

ALTER SEQUENCE public.players_id_seq OWNED BY public.players.id;


--
-- Name: queue; Type: TABLE; Schema: public; Owner: -
--

CREATE TABLE public.queue (
    id integer NOT NULL,
    player_id integer NOT NULL,
    joined_at timestamp without time zone DEFAULT now() NOT NULL,
    priority integer DEFAULT 0 NOT NULL
);


--
-- Name: queue_id_seq; Type: SEQUENCE; Schema: public; Owner: -
--

CREATE SEQUENCE public.queue_id_seq
    AS integer
    START WITH 1
    INCREMENT BY 1
    NO MINVALUE
    NO MAXVALUE
    CACHE 1;


--
-- Name: queue_id_seq; Type: SEQUENCE OWNED BY; Schema: public; Owner: -
--

ALTER SEQUENCE public.queue_id_seq OWNED BY public.queue.id;


--
-- Name: team_players; Type: TABLE; Schema: public; Owner: -
--

CREATE TABLE public.team_players (
    team_id integer NOT NULL,
    player_id integer NOT NULL
);


--
-- Name: teams; Type: TABLE; Schema: public; Owner: -
--

CREATE TABLE public.teams (
    id integer NOT NULL,
    match_id integer NOT NULL,
    name text NOT NULL,
    avg_mmr integer NOT NULL
);


--
-- Name: teams_id_seq; Type: SEQUENCE; Schema: public; Owner: -
--

CREATE SEQUENCE public.teams_id_seq
    AS integer
    START WITH 1
    INCREMENT BY 1
    NO MINVALUE
    NO MAXVALUE
    CACHE 1;


--
-- Name: teams_id_seq; Type: SEQUENCE OWNED BY; Schema: public; Owner: -
--

ALTER SEQUENCE public.teams_id_seq OWNED BY public.teams.id;


--
-- Name: vote_kick_votes; Type: TABLE; Schema: public; Owner: -
--

CREATE TABLE public.vote_kick_votes (
    id integer NOT NULL,
    vote_kick_id integer NOT NULL,
    player_id integer NOT NULL,
    approve boolean NOT NULL,
    created_at timestamp without time zone DEFAULT now() NOT NULL
);


--
-- Name: vote_kick_votes_id_seq; Type: SEQUENCE; Schema: public; Owner: -
--

CREATE SEQUENCE public.vote_kick_votes_id_seq
    AS integer
    START WITH 1
    INCREMENT BY 1
    NO MINVALUE
    NO MAXVALUE
    CACHE 1;


--
-- Name: vote_kick_votes_id_seq; Type: SEQUENCE OWNED BY; Schema: public; Owner: -
--

ALTER SEQUENCE public.vote_kick_votes_id_seq OWNED BY public.vote_kick_votes.id;


--
-- Name: vote_kicks; Type: TABLE; Schema: public; Owner: -
--

CREATE TABLE public.vote_kicks (
    id integer NOT NULL,
    match_id integer NOT NULL,
    target_player_id integer NOT NULL,
    initiator_player_id integer NOT NULL,
    status text NOT NULL,
    created_at timestamp without time zone DEFAULT now() NOT NULL,
    finished_at timestamp without time zone
);


--
-- Name: vote_kicks_id_seq; Type: SEQUENCE; Schema: public; Owner: -
--

CREATE SEQUENCE public.vote_kicks_id_seq
    AS integer
    START WITH 1
    INCREMENT BY 1
    NO MINVALUE
    NO MAXVALUE
    CACHE 1;


--
-- Name: vote_kicks_id_seq; Type: SEQUENCE OWNED BY; Schema: public; Owner: -
--

ALTER SEQUENCE public.vote_kicks_id_seq OWNED BY public.vote_kicks.id;


--
-- Name: match_votes id; Type: DEFAULT; Schema: public; Owner: -
--

ALTER TABLE ONLY public.match_votes ALTER COLUMN id SET DEFAULT nextval('public.match_votes_id_seq'::regclass);


--
-- Name: matches id; Type: DEFAULT; Schema: public; Owner: -
--

ALTER TABLE ONLY public.matches ALTER COLUMN id SET DEFAULT nextval('public.matches_id_seq'::regclass);


--
-- Name: players id; Type: DEFAULT; Schema: public; Owner: -
--

ALTER TABLE ONLY public.players ALTER COLUMN id SET DEFAULT nextval('public.players_id_seq'::regclass);


--
-- Name: queue id; Type: DEFAULT; Schema: public; Owner: -
--

ALTER TABLE ONLY public.queue ALTER COLUMN id SET DEFAULT nextval('public.queue_id_seq'::regclass);


--
-- Name: teams id; Type: DEFAULT; Schema: public; Owner: -
--

ALTER TABLE ONLY public.teams ALTER COLUMN id SET DEFAULT nextval('public.teams_id_seq'::regclass);


--
-- Name: vote_kick_votes id; Type: DEFAULT; Schema: public; Owner: -
--

ALTER TABLE ONLY public.vote_kick_votes ALTER COLUMN id SET DEFAULT nextval('public.vote_kick_votes_id_seq'::regclass);


--
-- Name: vote_kicks id; Type: DEFAULT; Schema: public; Owner: -
--

ALTER TABLE ONLY public.vote_kicks ALTER COLUMN id SET DEFAULT nextval('public.vote_kicks_id_seq'::regclass);


--
-- Data for Name: match_votes; Type: TABLE DATA; Schema: public; Owner: -
--

COPY public.match_votes (id, match_id, player_id, voted_team_id, created_at) FROM stdin;
1	2	9	3	2025-03-15 20:32:39.2245
2	3	9	5	2025-03-15 20:40:34.145298
3	4	9	8	2025-03-15 21:14:34.681976
5	7	9	14	2025-03-19 07:15:21.231611
6	8	9	16	2025-03-19 07:19:44.352417
7	9	9	17	2025-03-19 07:24:02.907984
8	10	9	19	2025-03-19 07:26:38.075206
9	11	9	22	2025-03-21 04:32:51.388347
10	13	9	25	2025-03-21 04:52:53.656101
11	14	9	28	2025-03-21 05:03:27.551734
12	15	9	30	2025-03-21 05:40:05.390643
13	16	9	32	2025-03-21 20:09:22.281779
14	17	9	33	2025-03-21 23:25:32.027247
15	18	9	36	2025-03-21 23:30:56.481044
16	19	9	38	2025-03-21 23:59:33.235352
17	21	9	42	2025-03-22 00:07:35.829523
18	22	9	44	2025-03-22 00:19:30.27874
19	29	16	58	2025-04-03 02:40:54.138905
20	29	14	58	2025-04-03 02:41:03.934794
21	29	18	58	2025-04-03 02:41:33.957777
22	29	19	58	2025-04-03 02:41:48.124425
23	30	15	60	2025-04-03 02:58:42.016462
24	30	12	60	2025-04-03 02:59:01.272056
25	30	16	60	2025-04-03 02:59:12.698228
26	30	19	60	2025-04-03 02:59:43.897344
27	33	15	65	2025-04-03 03:11:45.325428
28	33	16	65	2025-04-03 03:11:47.919597
29	33	12	65	2025-04-03 03:11:54.085131
30	33	17	65	2025-04-03 03:12:02.409111
31	36	19	72	2025-04-03 03:12:46.01552
32	38	19	76	2025-04-03 03:14:38.067747
33	39	19	78	2025-04-03 03:14:40.237498
34	40	19	80	2025-04-03 03:34:48.485165
35	41	19	82	2025-04-03 03:34:49.808179
36	42	19	84	2025-04-03 03:34:50.891304
37	44	9	87	2025-04-03 23:35:12.200598
38	88	19	175	2025-04-23 00:17:15.371264
39	88	42	176	2025-04-23 00:28:17.380326
40	88	40	176	2025-04-23 00:28:20.241521
41	88	29	176	2025-04-23 00:28:23.384566
42	88	9	176	2025-04-23 00:28:26.533178
43	88	37	176	2025-04-23 00:28:28.274041
44	89	19	177	2025-04-23 00:31:35.155788
45	89	40	177	2025-04-23 00:44:09.296258
46	89	37	177	2025-04-23 00:55:00.097601
47	89	40	177	2025-04-23 00:55:17.065019
48	90	19	179	2025-04-23 00:55:55.169205
49	90	29	180	2025-04-23 01:10:41.935003
50	90	37	180	2025-04-23 01:10:44.559398
51	90	40	180	2025-04-23 01:10:45.631717
52	90	36	179	2025-04-23 01:11:02.116027
53	90	17	180	2025-04-23 01:11:10.799159
54	90	36	180	2025-04-23 01:11:11.376096
55	91	36	181	2025-04-23 01:25:12.133499
56	91	29	181	2025-04-23 01:25:14.165498
57	91	40	181	2025-04-23 01:25:22.474204
58	91	37	181	2025-04-23 01:25:36.409519
\.


--
-- Data for Name: matches; Type: TABLE DATA; Schema: public; Owner: -
--

COPY public.matches (id, status, created_at, finished_at, winning_team_id, channel_id, category_id) FROM stdin;
2	COMPLETED	2025-03-15 20:32:03.873256	2025-03-15 20:32:39.59	3	\N	\N
57	CANCELLED	2025-04-09 01:35:24.196719	2025-04-09 01:40:11.731	\N	1359340896977682483	1350567248615575693
3	COMPLETED	2025-03-15 20:40:26.160533	2025-03-15 20:40:34.552	5	\N	\N
55	CANCELLED	2025-04-09 01:35:23.928307	2025-04-09 01:40:21.098	\N	1359340896302268446	1350567248615575693
4	COMPLETED	2025-03-15 21:14:24.49728	2025-03-15 21:14:35.099	8	\N	\N
1	CANCELLED	2025-03-15 20:28:26.506386	2025-03-17 06:16:56.321	\N	\N	\N
31	CANCELLED	2025-04-03 02:42:01.167742	2025-04-03 02:42:48.234	\N	1357183336065400842	1350567248615575693
5	COMPLETED	2025-03-17 06:17:26.232755	2025-03-17 06:17:53.705	10	\N	\N
32	CANCELLED	2025-04-03 02:42:03.276895	2025-04-03 02:42:53.823	\N	1357183341924974764	1350567248615575693
6	CANCELLED	2025-03-19 06:59:44.800564	2025-03-19 07:10:16.091	\N	\N	\N
30	COMPLETED	2025-04-03 02:42:00.768634	2025-04-03 02:59:44.237	60	1357183332542316705	1350567248615575693
7	COMPLETED	2025-03-19 07:14:46.718555	2025-03-19 07:15:21.604	14	\N	\N
8	COMPLETED	2025-03-19 07:19:38.165754	2025-03-19 07:19:44.735	16	\N	\N
47	CANCELLED	2025-04-03 23:59:33.380735	2025-04-04 00:08:04.557	\N	1357504836693659658	1350567248615575693
9	COMPLETED	2025-03-19 07:23:57.396652	2025-03-19 07:24:03.272	17	\N	\N
10	COMPLETED	2025-03-19 07:26:22.003628	2025-03-19 07:26:38.456	19	\N	\N
11	COMPLETED	2025-03-21 04:32:33.873896	2025-03-21 04:32:51.785	22	1352500110076149782	1350567248615575693
56	CANCELLED	2025-04-09 01:35:23.960127	2025-04-09 01:40:27.146	\N	1359340895123542076	1350567248615575693
48	COMPLETED	2025-04-04 00:08:09.563518	2025-04-04 00:19:44.719	95	1357507001269227694	1350567248615575693
13	COMPLETED	2025-03-21 04:52:45.874601	2025-03-21 04:52:54.038	25	1352505193450962995	1350567248615575693
35	CANCELLED	2025-04-03 03:00:00.191759	2025-04-03 03:00:51.694	\N	1357187860595474442	1350567248615575693
14	COMPLETED	2025-03-21 05:03:20.822896	2025-03-21 05:03:27.953	28	1352507856691400765	1350567248615575693
12	CANCELLED	2025-03-21 04:52:06.866825	\N	\N	\N	\N
34	CANCELLED	2025-04-03 02:59:59.641374	2025-04-03 03:00:55.467	\N	1357187856640118847	1350567248615575693
33	COMPLETED	2025-04-03 02:59:57.696728	2025-04-03 03:12:02.787	65	1357187848993898596	1350567248615575693
15	COMPLETED	2025-03-21 05:32:31.486716	2025-03-21 05:40:05.783	30	1352515199386521621	1350567248615575693
70	CANCELLED	2025-04-09 02:22:37.739312	2025-04-09 02:23:37.996	\N	1359352782414548992	1350567248615575693
16	COMPLETED	2025-03-21 20:09:13.902214	2025-03-21 20:09:22.68	32	1352735829977600051	1350567248615575693
67	CANCELLED	2025-04-09 02:06:05.182461	2025-04-09 02:06:15.711	\N	1359348618406133921	1350567248615575693
17	COMPLETED	2025-03-21 23:25:15.552231	2025-03-21 23:25:32.412	33	1352785161837613086	1350567248615575693
49	CANCELLED	2025-04-04 00:20:08.971035	2025-04-04 01:11:32.295	\N	1357510018727149720	1350567248615575693
18	COMPLETED	2025-03-21 23:29:50.188543	2025-03-21 23:30:56.859	36	1352786313677635636	1350567248615575693
36	CANCELLED	2025-04-03 03:12:16.969774	2025-04-03 03:14:18.569	\N	1357190950035783783	1350567248615575693
37	CANCELLED	2025-04-03 03:12:18.727441	2025-04-03 03:14:21.8	\N	1357190956453068862	1350567248615575693
19	COMPLETED	2025-03-21 23:59:14.424576	2025-03-21 23:59:33.634	38	1352793713495117936	1350567248615575693
20	CANCELLED	2025-03-22 00:03:50.288866	\N	\N	\N	\N
58	CANCELLED	2025-04-09 01:40:31.955401	2025-04-09 01:41:04.454	\N	1359342187598446824	1350567248615575693
21	COMPLETED	2025-03-22 00:07:30.571673	2025-03-22 00:07:36.221	42	1352795794343727166	1350567248615575693
50	CANCELLED	2025-04-04 01:12:31.575046	2025-04-04 01:16:16.619	\N	1357523200304742440	1350567248615575693
39	CANCELLED	2025-04-03 03:14:26.828888	2025-04-03 03:34:11.412	\N	1357191493760323817	1350567248615575693
23	CANCELLED	2025-03-22 00:07:52.866849	\N	\N	1352795888535343175	1350567248615575693
22	COMPLETED	2025-03-22 00:07:51.869331	2025-03-22 00:19:30.65	44	1352795883921477652	1350567248615575693
38	CANCELLED	2025-04-03 03:14:23.504061	2025-04-03 03:34:25.329	\N	1357191480888004680	1350567248615575693
24	CANCELLED	2025-03-22 00:19:44.784891	\N	\N	1352798873927684117	1350567248615575693
25	CANCELLED	2025-03-22 00:25:12.544912	\N	\N	1352800248438722621	1350567248615575693
71	CANCELLED	2025-04-09 02:22:37.739051	2025-04-09 02:23:45.513	\N	1359352781189812394	1350567248615575693
51	CANCELLED	2025-04-04 01:16:56.390782	2025-04-04 01:22:54.245	\N	1357524309446492325	1350567248615575693
26	CANCELLED	2025-03-22 00:25:55.717839	\N	\N	1352800429989433355	1350567248615575693
27	CANCELLED	2025-03-22 00:34:26.695158	2025-03-22 00:34:39.806	\N	1352802573203279973	1350567248615575693
59	CANCELLED	2025-04-09 01:41:06.634152	2025-04-09 01:41:11.842	\N	1359342332788605080	1350567248615575693
28	CANCELLED	2025-03-22 00:34:45.404659	2025-03-22 00:41:08.994	\N	1352802656778846281	1350567248615575693
40	CANCELLED	2025-04-03 03:34:26.893902	2025-04-03 20:44:59.121	\N	1357196528162308117	1350567248615575693
41	CANCELLED	2025-04-03 03:34:27.226617	2025-04-03 20:45:02.757	\N	1357196532859797554	1350567248615575693
29	COMPLETED	2025-04-03 02:29:45.640169	2025-04-03 02:41:48.52	58	1357180248869048541	1350567248615575693
42	CANCELLED	2025-04-03 03:34:29.378542	2025-04-03 20:45:04.701	\N	1357196541860905162	1350567248615575693
52	CANCELLED	2025-04-04 01:23:23.565444	2025-04-04 01:23:28.94	\N	1357525933271158905	1350567248615575693
72	COMPLETED	2025-04-09 02:22:37.740896	2025-04-09 02:41:33.079	141	1359352783110934610	1350567248615575693
43	CANCELLED	2025-04-03 23:29:50.378409	2025-04-03 23:33:54.472	\N	\N	\N
68	COMPLETED	2025-04-09 02:07:58.349666	2025-04-09 02:21:14.055	135	1359349092991631471	1350567248615575693
53	CANCELLED	2025-04-04 01:58:17.163015	2025-04-04 01:59:08.115	\N	1357534714025611286	1350567248615575693
44	CANCELLED	2025-04-03 23:35:02.411136	2025-04-03 23:36:20.672	\N	1357498667111678094	1350567248615575693
60	CANCELLED	2025-04-09 01:41:14.128547	2025-04-09 01:45:47.145	\N	1359342363603898612	1350567248615575693
45	CANCELLED	2025-04-03 23:36:23.67213	2025-04-03 23:36:40.279	\N	1357499007785504849	1350567248615575693
54	COMPLETED	2025-04-09 01:04:36.612289	2025-04-09 01:35:10.332	107	1359333147141083147	1350567248615575693
46	CANCELLED	2025-04-03 23:36:46.207661	2025-04-03 23:47:21.419	\N	1357499102216061009	1350567248615575693
63	CANCELLED	2025-04-09 01:50:59.984533	2025-04-09 01:51:55.08	\N	1359344823257137232	1350567248615575693
64	CANCELLED	2025-04-09 01:51:00.002761	2025-04-09 01:52:04.791	\N	1359344821994782901	1350567248615575693
65	CANCELLED	2025-04-09 01:51:00.013366	2025-04-09 01:52:11.561	\N	1359344821294207056	1350567248615575693
66	COMPLETED	2025-04-09 01:51:00.014841	2025-04-09 02:05:50.614	127	1359344824033083402	1350567248615575693
62	CANCELLED	2025-04-09 01:45:50.973089	2025-04-09 01:48:08.81	\N	1359343525023715420	1350567248615575693
61	CANCELLED	2025-04-09 01:45:50.936749	2025-04-09 01:49:10.905	\N	1359343532111953951	1350567248615575693
69	CANCELLED	2025-04-09 02:21:28.055034	2025-04-09 02:22:35.259	\N	1359352488859271330	1350567248615575693
73	COMPLETED	2025-04-09 02:41:46.167413	2025-04-09 03:05:11.591	146	1359357598154883194	1350567248615575693
75	COMPLETED	2025-04-09 03:05:24.929607	2025-04-09 03:15:00.127	147	1359363549096443957	1350567248615575693
74	CANCELLED	2025-04-09 03:05:24.927221	2025-04-09 03:06:21.467	\N	1359363550870769887	1350567248615575693
77	COMPLETED	2025-04-09 03:15:12.939182	2025-04-09 03:27:37.827	153	1359366015128965120	1350567248615575693
76	CANCELLED	2025-04-09 03:15:12.924434	2025-04-09 03:16:41.988	\N	1359366016416612563	1350567248615575693
78	CANCELLED	2025-04-09 03:27:50.788229	2025-04-09 03:28:21.485	\N	1359369195741249607	1350567248615575693
81	CANCELLED	2025-04-09 03:27:51.235066	2025-04-09 03:30:11.564	\N	1359369196865192109	1350567248615575693
79	CANCELLED	2025-04-09 03:27:50.793382	2025-04-09 03:30:21.159	\N	1359369194906587327	1350567248615575693
80	CANCELLED	2025-04-09 03:27:50.814429	2025-04-09 03:30:13.278	\N	1359369193719595112	1350567248615575693
82	CANCELLED	2025-04-09 03:30:23.683015	2025-04-09 03:35:07.296	\N	1359369835250712746	1350567248615575693
85	CANCELLED	2025-04-09 03:36:22.246392	2025-04-09 03:37:52.487	\N	1359371339814928475	1350567248615575693
84	CANCELLED	2025-04-09 03:36:21.994694	2025-04-09 03:37:55.778	\N	1359371337549746228	1350567248615575693
83	CANCELLED	2025-04-09 03:36:21.974877	2025-04-09 03:39:41.263	\N	1359371338304720997	1350567248615575693
87	CANCELLED	2025-04-09 03:39:44.414066	2025-04-09 03:41:13.642	\N	1359372186850168925	1350567248615575693
86	CANCELLED	2025-04-09 03:39:44.40404	2025-04-09 03:57:20.037	\N	1359372187730972843	1350567248615575693
88	COMPLETED	2025-04-23 00:11:59.602055	2025-04-23 00:31:05.81	176	1364393340082327623	1350567248615575693
89	COMPLETED	2025-04-23 00:31:24.337542	2025-04-23 00:55:17.435	177	1364398224953311384	1350567248615575693
90	COMPLETED	2025-04-23 00:55:40.324579	2025-04-23 01:11:11.135	180	1364404331973050471	1350567248615575693
92	CANCELLED	2025-04-23 01:11:29.247267	2025-04-23 01:12:59.283	\N	1364408328889040947	1350567248615575693
91	COMPLETED	2025-04-23 01:11:27.898997	2025-04-23 01:25:36.748	181	1364408305899933719	1350567248615575693
\.


--
-- Data for Name: players; Type: TABLE DATA; Schema: public; Owner: -
--

COPY public.players (id, discord_id, username, discriminator, avatar, mmr, wins, losses, win_streak, loss_streak, is_active, created_at, placement_matches_played, placement_matches_complete, season_id, xbox_gamertag, xuid) FROM stdin;
15	169326744908595201	ragemorenerd	0000	\N	1198	7	2	0	1	t	2025-04-03 02:21:34.394234	5	t	1	Rage More Nerd	2533274824007484
14	758786051678142464	grumpymav	0000	\N	1062	3	1	3	0	t	2025-04-03 02:21:29.280003	4	f	1	Mavbrid	2535430951493525
11	1083469482229502063	aragog8132	0000	\N	1028	2	1	1	0	t	2025-03-22 04:17:06.444052	3	f	1	Chemical	2535428904045075
13	336333331727908864	kdskill	0000	\N	1008	2	2	0	1	t	2025-04-03 02:08:25.803183	4	f	1	KDSkill	2533274811561483
43	410582041722355732	dhlyn	0000	\N	1000	0	0	0	0	t	2025-04-24 03:25:57.766718	0	f	1	Dhlyn	2535428584917654
12	155585011414859776	poisonxpoptart	0000	\N	984	1	2	1	0	t	2025-04-03 02:07:50.958355	3	f	1	PoisonxPoptart	2533274864393048
16	140362489765298176	itsriske	0000	\N	904	1	6	0	1	t	2025-04-03 02:21:36.320542	5	t	1	itsRiskE	2533274869027997
9	104296236906971136	themob.org	0	2ae3d501298dc028912858a8c6dd4525	1046	9	9	1	0	t	2025-03-14 03:41:08.691568	5	t	1	ASpence501	2533274800330572
26	386232496356065282	TestUser_386232	0000	\N	1000	0	0	0	0	t	2025-04-03 23:29:48.808246	0	f	1	\N	\N
28	646932960498548757	TestUser_646932	0000	\N	1000	0	0	0	0	t	2025-04-04 01:11:58.155722	0	f	1	\N	\N
20	347797099594776578	TestUser_347797	0000	\N	1024	1	0	1	0	t	2025-04-03 22:56:05.288482	1	f	1	\N	\N
21	233019281393188865	TestUser_233019	0000	\N	980	0	1	0	1	t	2025-04-03 23:29:06.44624	1	f	1	\N	\N
22	223641240778965002	TestUser_223641	0000	\N	980	0	1	0	1	t	2025-04-03 23:29:15.759925	1	f	1	\N	\N
23	334762878089428993	TestUser_334762	0000	\N	1024	1	0	1	0	t	2025-04-03 23:29:25.451329	1	f	1	\N	\N
24	399647658383245321	TestUser_399647	0000	\N	1024	1	0	1	0	t	2025-04-03 23:29:33.530532	1	f	1	\N	\N
25	151905700229021696	TestUser_151905	0000	\N	980	0	1	0	1	t	2025-04-03 23:29:42.133671	1	f	1	\N	\N
27	479703205274451979	TestUser_479703	0000	\N	980	0	1	0	1	t	2025-04-03 23:34:31.208473	1	f	1	\N	\N
19	470312480288145408	mysticalnovice	0000	\N	1188	9	5	1	0	t	2025-04-03 02:29:45.142595	5	t	1	MysticalNovice	2533274855633784
40	333478623204081668	mr_epic_beast	0000	\N	1062	3	1	3	0	t	2025-04-22 23:58:38.910344	4	f	1	Mr Epic Beast	2533274865128398
31	368819990067019791	vivalavernius	0000	\N	1056	4	2	0	1	t	2025-04-09 01:02:10.081746	5	t	1	TcT AVENGER	2533274819409590
36	856245140606550066	mxrvine	0000	\N	1032	3	2	1	0	t	2025-04-09 02:27:36.371088	5	t	1	mxrvine	2535416982292580
29	189824573569630209	neckslap	0000	\N	1110	5	2	4	0	t	2025-04-09 01:00:43.808659	5	t	1	ill shrek u	2535442904069083
37	190580245017919498	bigmad	0000	\N	1066	4	2	0	1	t	2025-04-09 02:42:45.914321	5	t	1	MasterSquirre	2535439106243520
17	296860552104378379	mungopungo	0000	\N	990	5	7	0	1	t	2025-04-03 02:21:40.929222	5	t	1	MuNgO PuNgO	2535460856820298
18	298241741612646402	priestxyz	0000	\N	984	1	2	0	1	t	2025-04-03 02:28:50.43931	3	f	1	Priest XYZ	2533274814532616
44	167049601508048896	s1lentndeadly1	0000	\N	1000	0	0	0	0	t	2025-04-26 22:30:42.233042	0	f	1	ACE B S1lentND1	2533274814642209
35	198547082364059649	yluxe	0000	\N	980	0	1	0	1	t	2025-04-09 02:21:57.117848	1	f	1	yLuxe	2535449202019805
30	415321359825108992	nkot	0000	\N	980	0	1	0	1	t	2025-04-09 01:00:51.458151	1	f	1	NKOTB4evah	2683394777982606
32	990715292109906021	rechargen	0000	\N	980	0	1	0	1	t	2025-04-09 01:04:13.443219	1	f	1	Rechargen	2533274978476203
33	130099890926780416	anarmyoffatkids	0000	\N	968	2	4	0	3	t	2025-04-09 01:04:35.006751	5	t	1	Inactive Spoon	2533274856866728
41	106166227025551360	fanciestpants	0000	\N	964	1	3	0	3	t	2025-04-23 00:06:04.689005	4	f	1	Fanciest Pants	2533274821960065
34	157684127901024256	pacfan010	0000	\N	964	1	3	1	0	t	2025-04-09 01:05:02.658403	4	f	1	pacfan010	2533274853865015
42	260415515577679873	sautedsmurf	0000	\N	960	0	2	0	2	t	2025-04-23 00:06:30.55916	2	f	1	Sauted Smurf	2533274856074586
38	241755067173175296	keener_thanyou	0000	\N	960	0	2	0	2	t	2025-04-22 23:57:51.73332	2	f	1	BIG AL 60	2533274824623157
39	318930810138918917	soaringsage	0000	\N	1008	2	2	0	2	t	2025-04-22 23:57:55.866683	4	f	1	II Panther Lily	2533274839967828
\.


--
-- Data for Name: queue; Type: TABLE DATA; Schema: public; Owner: -
--

COPY public.queue (id, player_id, joined_at, priority) FROM stdin;
\.


--
-- Data for Name: team_players; Type: TABLE DATA; Schema: public; Owner: -
--

COPY public.team_players (team_id, player_id) FROM stdin;
2	9
3	9
5	9
7	9
9	9
12	9
14	9
15	9
18	9
20	9
22	9
24	9
26	9
28	9
30	9
32	9
34	9
36	9
37	9
40	9
42	9
43	9
45	9
48	9
50	9
52	9
54	9
56	9
57	12
57	14
57	16
57	18
58	13
58	15
58	17
58	19
59	13
59	17
59	12
59	16
60	15
60	19
60	14
61	13
60	18
61	17
61	12
61	16
62	15
62	19
62	14
62	18
63	13
63	17
63	12
63	16
64	15
64	19
64	14
64	18
65	15
65	14
65	13
65	12
66	19
66	18
66	17
66	16
67	15
67	14
67	13
67	12
68	19
68	18
68	17
68	16
69	15
69	14
69	13
69	12
70	19
70	18
70	17
70	16
71	15
71	14
71	12
71	18
72	13
72	19
72	17
72	16
73	15
73	14
73	12
73	18
74	13
74	19
74	17
74	16
75	15
75	13
75	12
75	17
76	14
76	19
76	18
76	16
77	15
77	13
77	12
77	17
78	14
78	19
78	18
78	16
79	15
79	14
79	12
79	18
80	13
80	19
81	15
80	17
81	14
80	16
81	12
81	18
82	13
82	19
82	17
82	16
83	15
83	14
83	12
83	18
84	13
84	19
84	17
84	16
85	9
85	21
85	23
85	25
86	20
86	22
86	24
86	26
87	9
87	27
87	22
87	24
88	20
88	21
88	23
88	25
89	9
89	24
89	20
89	23
90	22
90	27
90	21
90	25
91	9
91	23
91	21
91	25
92	20
92	24
92	22
92	27
93	9
93	27
93	22
93	24
94	20
94	21
94	23
94	25
95	9
95	24
95	20
95	23
96	22
96	27
96	21
96	25
97	9
97	23
97	21
97	25
98	20
98	24
98	22
98	27
99	9
99	23
99	28
99	21
100	20
100	24
100	27
100	22
101	9
102	28
103	9
104	28
105	9
105	28
106	20
107	14
107	29
107	31
107	33
108	19
108	30
108	32
108	17
109	15
109	29
110	15
109	33
110	29
109	34
111	15
110	33
111	29
110	34
112	14
111	33
112	31
111	30
112	19
113	14
112	17
114	14
113	31
114	31
113	19
114	19
113	17
114	17
115	15
115	29
115	31
115	32
116	14
116	33
116	34
116	30
117	15
117	31
117	11
117	32
118	29
118	19
118	34
118	17
119	15
119	31
119	19
119	30
120	33
120	29
120	34
120	32
121	15
122	15
121	29
122	29
121	19
122	19
121	30
122	30
123	31
124	31
123	33
124	33
123	34
124	34
123	32
124	32
125	15
126	15
127	15
126	31
125	31
128	15
126	19
127	31
125	19
128	31
126	17
127	19
125	17
128	19
127	17
128	17
129	29
130	29
129	33
130	33
131	29
132	29
129	34
130	34
131	33
132	33
129	16
130	16
131	34
132	34
132	16
131	16
133	15
133	19
133	33
133	34
134	31
134	29
134	17
134	16
135	15
135	19
135	33
135	17
136	31
136	13
136	29
136	16
137	15
137	33
137	11
137	34
138	19
138	17
138	29
138	16
139	15
140	15
139	31
141	15
140	31
139	17
141	31
140	17
139	11
141	17
140	11
141	11
142	19
143	19
142	33
143	33
144	19
142	35
144	33
143	35
142	34
143	34
144	35
144	34
145	15
145	17
145	11
145	34
146	31
146	19
146	36
146	16
147	15
147	19
147	36
148	15
147	37
148	19
148	36
149	31
148	37
149	17
149	33
150	31
150	17
149	16
150	33
150	16
151	15
152	15
151	36
152	36
151	17
152	17
151	33
152	33
153	19
154	19
153	37
154	37
153	11
154	11
153	34
154	34
155	19
156	19
155	37
157	19
156	37
155	36
157	37
156	36
155	34
157	36
156	34
157	34
158	31
159	31
158	11
159	11
160	15
158	33
159	33
161	31
160	37
158	16
159	16
161	11
161	33
161	16
160	36
160	33
162	19
162	11
162	17
162	34
163	15
163	31
163	17
163	34
164	19
164	36
164	33
164	16
165	15
165	11
166	15
165	13
166	11
165	33
166	13
167	15
166	33
167	11
167	13
168	31
169	31
168	36
167	33
169	36
168	17
169	17
168	34
170	31
169	34
170	36
170	17
170	34
171	15
172	15
171	31
172	31
171	36
172	36
171	17
172	17
173	19
174	19
173	11
174	11
173	13
174	13
173	33
174	33
175	19
175	38
175	40
175	42
176	37
176	39
176	41
176	29
177	19
177	39
177	29
177	40
178	37
178	41
178	38
178	42
179	19
179	39
179	36
179	41
180	37
180	29
180	40
180	17
181	19
181	29
181	40
181	36
182	37
182	39
182	17
182	41
183	19
183	29
183	40
183	36
184	37
184	39
184	17
184	41
\.


--
-- Data for Name: teams; Type: TABLE DATA; Schema: public; Owner: -
--

COPY public.teams (id, match_id, name, avg_mmr) FROM stdin;
1	1	Alpha	1000
2	1	Bravo	1000
3	2	Alpha	1000
4	2	Bravo	1000
5	3	Alpha	1000
6	3	Bravo	1000
7	4	Alpha	1024
8	4	Bravo	980
9	5	Alpha	1004
10	5	Bravo	1004
11	6	Alpha	1028
12	6	Bravo	984
13	7	Alpha	1028
14	7	Bravo	984
15	8	Alpha	1008
16	8	Bravo	1008
17	9	Alpha	1032
18	9	Bravo	988
19	10	Alpha	1056
20	10	Bravo	968
21	11	Alpha	1090
22	11	Bravo	948
23	12	Alpha	1070
24	12	Bravo	972
25	13	Alpha	1070
26	13	Bravo	972
27	14	Alpha	1094
28	14	Bravo	952
29	15	Alpha	1074
30	15	Bravo	976
31	16	Alpha	1054
32	16	Bravo	1000
33	17	Alpha	1034
34	17	Bravo	1034
35	18	Alpha	1058
36	18	Bravo	1014
37	19	Alpha	1038
38	19	Bravo	1038
39	20	Alpha	1062
40	20	Bravo	1018
41	21	Alpha	1062
42	21	Bravo	1018
43	22	Alpha	1042
44	22	Bravo	1042
45	23	Alpha	1042
46	23	Bravo	1042
47	24	Alpha	1066
48	24	Bravo	1022
49	25	Alpha	1066
50	25	Bravo	1022
51	26	Alpha	1066
52	26	Bravo	1022
53	27	Alpha	1066
54	27	Bravo	1022
55	28	Alpha	1066
56	28	Bravo	1022
57	29	Alpha	1000
58	29	Bravo	1000
59	30	Alpha	1002
60	30	Bravo	1002
61	31	Alpha	1002
62	31	Bravo	1002
63	32	Alpha	1002
64	32	Bravo	1002
65	33	Alpha	1004
66	33	Bravo	1004
67	34	Alpha	1004
68	34	Bravo	1004
69	35	Alpha	1004
70	35	Bravo	1004
71	36	Alpha	1020
72	36	Bravo	995
73	37	Alpha	1020
74	37	Bravo	995
75	38	Alpha	1020
76	38	Bravo	995
77	39	Alpha	1020
78	39	Bravo	995
79	40	Alpha	1020
80	40	Bravo	995
81	41	Alpha	1020
82	41	Bravo	995
83	42	Alpha	1020
84	42	Bravo	995
85	43	Alpha	1006
86	43	Bravo	1000
87	44	Alpha	1006
88	44	Bravo	1000
89	45	Alpha	1006
90	45	Bravo	1000
91	46	Alpha	1006
92	46	Bravo	1000
93	47	Eagle	1006
94	47	Cobra	1000
95	48	Eagle	1006
96	48	Cobra	1000
97	49	Eagle	1008
98	49	Cobra	1002
99	50	Eagle	1013
100	50	Cobra	1002
101	51	Eagle	1046
102	51	Cobra	1000
103	52	Eagle	1046
104	52	Cobra	1000
105	53	Eagle	1023
106	53	Cobra	1024
107	54	Eagle	1007
108	54	Cobra	1003
109	56	Eagle	1033
110	55	Eagle	1033
111	57	Eagle	1028
112	56	Cobra	1015
113	55	Cobra	1015
114	57	Cobra	1015
115	58	Eagle	1028
116	58	Cobra	1017
117	59	Eagle	1022
118	59	Cobra	999
119	60	Eagle	1024
120	60	Cobra	1007
121	62	Eagle	1024
122	61	Eagle	1024
123	62	Cobra	1007
124	61	Cobra	1007
125	64	Eagle	1020
126	65	Eagle	1020
127	66	Eagle	1020
128	63	Eagle	1020
129	65	Cobra	997
130	64	Cobra	997
131	66	Cobra	997
132	63	Cobra	997
133	67	Eagle	1036
134	67	Cobra	990
135	68	Eagle	1038
136	68	Cobra	1000
137	69	Eagle	1045
138	69	Cobra	988
139	71	Eagle	1053
140	70	Eagle	1053
141	72	Eagle	1053
142	71	Cobra	1016
143	70	Cobra	1016
144	72	Cobra	1016
145	73	Eagle	1061
146	73	Cobra	997
147	75	Eagle	1070
148	74	Eagle	1070
149	75	Cobra	1009
150	74	Cobra	1009
151	77	Eagle	1065
152	76	Eagle	1065
153	77	Cobra	1013
154	76	Cobra	1013
155	79	Eagle	1040
156	80	Eagle	1040
157	78	Eagle	1040
158	79	Cobra	989
159	80	Cobra	989
160	81	Eagle	1061
161	78	Cobra	989
162	81	Cobra	1024
163	82	Eagle	1051
164	82	Cobra	1005
165	84	Eagle	1051
166	83	Eagle	1051
167	85	Eagle	1051
168	84	Cobra	1009
169	83	Cobra	1009
170	85	Cobra	1009
171	87	Eagle	1067
172	86	Eagle	1067
173	87	Cobra	1031
174	86	Cobra	1031
175	88	Eagle	1030
176	88	Cobra	1008
177	89	Eagle	1028
178	89	Cobra	1017
179	90	Eagle	1051
180	90	Cobra	1021
181	91	Eagle	1051
182	91	Cobra	1027
183	92	Eagle	1051
184	92	Cobra	1027
\.


--
-- Data for Name: vote_kick_votes; Type: TABLE DATA; Schema: public; Owner: -
--

COPY public.vote_kick_votes (id, vote_kick_id, player_id, approve, created_at) FROM stdin;
1	1	13	t	2025-04-03 03:19:44.780815
2	1	17	t	2025-04-03 03:21:52.834845
3	2	9	t	2025-04-04 01:15:54.890737
4	3	9	t	2025-04-04 01:58:27.612211
5	4	31	t	2025-04-09 01:43:19.706302
6	5	15	t	2025-04-09 01:46:23.398046
\.


--
-- Data for Name: vote_kicks; Type: TABLE DATA; Schema: public; Owner: -
--

COPY public.vote_kicks (id, match_id, target_player_id, initiator_player_id, status, created_at, finished_at) FROM stdin;
1	38	17	13	APPROVED	2025-04-03 03:19:44.733352	2025-04-03 03:21:52.907
2	50	28	9	PENDING	2025-04-04 01:15:54.842992	\N
3	53	28	9	PENDING	2025-04-04 01:58:27.563781	\N
4	60	30	31	PENDING	2025-04-09 01:43:19.66094	\N
5	62	30	15	PENDING	2025-04-09 01:46:23.350403	\N
\.


--
-- Name: match_votes_id_seq; Type: SEQUENCE SET; Schema: public; Owner: -
--

SELECT pg_catalog.setval('public.match_votes_id_seq', 58, true);


--
-- Name: matches_id_seq; Type: SEQUENCE SET; Schema: public; Owner: -
--

SELECT pg_catalog.setval('public.matches_id_seq', 93, true);


--
-- Name: players_id_seq; Type: SEQUENCE SET; Schema: public; Owner: -
--

SELECT pg_catalog.setval('public.players_id_seq', 44, true);


--
-- Name: queue_id_seq; Type: SEQUENCE SET; Schema: public; Owner: -
--

SELECT pg_catalog.setval('public.queue_id_seq', 466, true);


--
-- Name: teams_id_seq; Type: SEQUENCE SET; Schema: public; Owner: -
--

SELECT pg_catalog.setval('public.teams_id_seq', 186, true);


--
-- Name: vote_kick_votes_id_seq; Type: SEQUENCE SET; Schema: public; Owner: -
--

SELECT pg_catalog.setval('public.vote_kick_votes_id_seq', 6, true);


--
-- Name: vote_kicks_id_seq; Type: SEQUENCE SET; Schema: public; Owner: -
--

SELECT pg_catalog.setval('public.vote_kicks_id_seq', 5, true);


--
-- Name: match_votes match_votes_pkey; Type: CONSTRAINT; Schema: public; Owner: -
--

ALTER TABLE ONLY public.match_votes
    ADD CONSTRAINT match_votes_pkey PRIMARY KEY (id);


--
-- Name: matches matches_pkey; Type: CONSTRAINT; Schema: public; Owner: -
--

ALTER TABLE ONLY public.matches
    ADD CONSTRAINT matches_pkey PRIMARY KEY (id);


--
-- Name: players players_discord_id_unique; Type: CONSTRAINT; Schema: public; Owner: -
--

ALTER TABLE ONLY public.players
    ADD CONSTRAINT players_discord_id_unique UNIQUE (discord_id);


--
-- Name: players players_pkey; Type: CONSTRAINT; Schema: public; Owner: -
--

ALTER TABLE ONLY public.players
    ADD CONSTRAINT players_pkey PRIMARY KEY (id);


--
-- Name: queue queue_pkey; Type: CONSTRAINT; Schema: public; Owner: -
--

ALTER TABLE ONLY public.queue
    ADD CONSTRAINT queue_pkey PRIMARY KEY (id);


--
-- Name: team_players team_players_team_id_player_id_pk; Type: CONSTRAINT; Schema: public; Owner: -
--

ALTER TABLE ONLY public.team_players
    ADD CONSTRAINT team_players_team_id_player_id_pk PRIMARY KEY (team_id, player_id);


--
-- Name: teams teams_pkey; Type: CONSTRAINT; Schema: public; Owner: -
--

ALTER TABLE ONLY public.teams
    ADD CONSTRAINT teams_pkey PRIMARY KEY (id);


--
-- Name: vote_kick_votes vote_kick_votes_pkey; Type: CONSTRAINT; Schema: public; Owner: -
--

ALTER TABLE ONLY public.vote_kick_votes
    ADD CONSTRAINT vote_kick_votes_pkey PRIMARY KEY (id);


--
-- Name: vote_kicks vote_kicks_pkey; Type: CONSTRAINT; Schema: public; Owner: -
--

ALTER TABLE ONLY public.vote_kicks
    ADD CONSTRAINT vote_kicks_pkey PRIMARY KEY (id);


--
-- Name: match_votes match_votes_match_id_matches_id_fk; Type: FK CONSTRAINT; Schema: public; Owner: -
--

ALTER TABLE ONLY public.match_votes
    ADD CONSTRAINT match_votes_match_id_matches_id_fk FOREIGN KEY (match_id) REFERENCES public.matches(id);


--
-- Name: match_votes match_votes_player_id_players_id_fk; Type: FK CONSTRAINT; Schema: public; Owner: -
--

ALTER TABLE ONLY public.match_votes
    ADD CONSTRAINT match_votes_player_id_players_id_fk FOREIGN KEY (player_id) REFERENCES public.players(id);


--
-- Name: match_votes match_votes_voted_team_id_teams_id_fk; Type: FK CONSTRAINT; Schema: public; Owner: -
--

ALTER TABLE ONLY public.match_votes
    ADD CONSTRAINT match_votes_voted_team_id_teams_id_fk FOREIGN KEY (voted_team_id) REFERENCES public.teams(id);


--
-- Name: queue queue_player_id_players_id_fk; Type: FK CONSTRAINT; Schema: public; Owner: -
--

ALTER TABLE ONLY public.queue
    ADD CONSTRAINT queue_player_id_players_id_fk FOREIGN KEY (player_id) REFERENCES public.players(id);


--
-- Name: team_players team_players_player_id_players_id_fk; Type: FK CONSTRAINT; Schema: public; Owner: -
--

ALTER TABLE ONLY public.team_players
    ADD CONSTRAINT team_players_player_id_players_id_fk FOREIGN KEY (player_id) REFERENCES public.players(id);


--
-- Name: team_players team_players_team_id_teams_id_fk; Type: FK CONSTRAINT; Schema: public; Owner: -
--

ALTER TABLE ONLY public.team_players
    ADD CONSTRAINT team_players_team_id_teams_id_fk FOREIGN KEY (team_id) REFERENCES public.teams(id);


--
-- Name: teams teams_match_id_matches_id_fk; Type: FK CONSTRAINT; Schema: public; Owner: -
--

ALTER TABLE ONLY public.teams
    ADD CONSTRAINT teams_match_id_matches_id_fk FOREIGN KEY (match_id) REFERENCES public.matches(id);


--
-- Name: vote_kick_votes vote_kick_votes_player_id_players_id_fk; Type: FK CONSTRAINT; Schema: public; Owner: -
--

ALTER TABLE ONLY public.vote_kick_votes
    ADD CONSTRAINT vote_kick_votes_player_id_players_id_fk FOREIGN KEY (player_id) REFERENCES public.players(id);


--
-- Name: vote_kick_votes vote_kick_votes_vote_kick_id_vote_kicks_id_fk; Type: FK CONSTRAINT; Schema: public; Owner: -
--

ALTER TABLE ONLY public.vote_kick_votes
    ADD CONSTRAINT vote_kick_votes_vote_kick_id_vote_kicks_id_fk FOREIGN KEY (vote_kick_id) REFERENCES public.vote_kicks(id);


--
-- Name: vote_kicks vote_kicks_initiator_player_id_players_id_fk; Type: FK CONSTRAINT; Schema: public; Owner: -
--

ALTER TABLE ONLY public.vote_kicks
    ADD CONSTRAINT vote_kicks_initiator_player_id_players_id_fk FOREIGN KEY (initiator_player_id) REFERENCES public.players(id);


--
-- Name: vote_kicks vote_kicks_match_id_matches_id_fk; Type: FK CONSTRAINT; Schema: public; Owner: -
--

ALTER TABLE ONLY public.vote_kicks
    ADD CONSTRAINT vote_kicks_match_id_matches_id_fk FOREIGN KEY (match_id) REFERENCES public.matches(id);


--
-- Name: vote_kicks vote_kicks_target_player_id_players_id_fk; Type: FK CONSTRAINT; Schema: public; Owner: -
--

ALTER TABLE ONLY public.vote_kicks
    ADD CONSTRAINT vote_kicks_target_player_id_players_id_fk FOREIGN KEY (target_player_id) REFERENCES public.players(id);


--
-- PostgreSQL database dump complete
--

